country name,postcode,
UK,PO5,"""PO5"","
UK,MK1,"""MK1"","
UK,MK10,"""MK10"","
UK,MK11,"""MK11"","
UK,MK12,"""MK12"","
UK,MK13,"""MK13"","
UK,MK14,"""MK14"","
UK,MK15,"""MK15"","
UK,MK16,"""MK16"","
UK,MK17,"""MK17"","
UK,MK18,"""MK18"","
UK,MK19,"""MK19"","
UK,MK2,"""MK2"","
UK,MK3,"""MK3"","
UK,MK4,"""MK4"","
UK,MK40,"""MK40"","
UK,MK41,"""MK41"","
UK,MK42,"""MK42"","
UK,MK43,"""MK43"","
UK,MK44,"""MK44"","
UK,MK45,"""MK45"","
UK,MK46,"""MK46"","
UK,MK5,"""MK5"","
UK,MK6,"""MK6"","
UK,MK7,"""MK7"","
UK,MK77,"""MK77"","
UK,MK8,"""MK8"","
UK,MK9,"""MK9"","
UK,SM1,"""SM1"","
UK,SM2,"""SM2"","
UK,SM3,"""SM3"","
UK,SM4,"""SM4"","
UK,SM5,"""SM5"","
UK,SM6,"""SM6"","
UK,SM7,"""SM7"","
UK,TW1,"""TW1"","
UK,TW10,"""TW10"","
UK,TW11,"""TW11"","
UK,TW12,"""TW12"","
UK,TW13,"""TW13"","
UK,TW14,"""TW14"","
UK,TW15,"""TW15"","
UK,TW16,"""TW16"","
UK,TW17,"""TW17"","
UK,TW18,"""TW18"","
UK,TW19,"""TW19"","
UK,TW2,"""TW2"","
UK,TW20,"""TW20"","
UK,TW3,"""TW3"","
UK,TW4,"""TW4"","
UK,TW5,"""TW5"","
UK,TW6,"""TW6"","
UK,TW7,"""TW7"","
UK,TW8,"""TW8"","
UK,TW9,"""TW9"","
UK,UB1,"""UB1"","
UK,UB10,"""UB10"","
UK,UB11,"""UB11"","
UK,UB18,"""UB18"","
UK,UB2,"""UB2"","
UK,UB3,"""UB3"","
UK,UB4,"""UB4"","
UK,UB5,"""UB5"","
UK,UB6,"""UB6"","
UK,UB7,"""UB7"","
UK,UB8,"""UB8"","
UK,UB9,"""UB9"","
UK,WD1,"""WD1"","
UK,WD17,"""WD17"","
UK,WD18,"""WD18"","
UK,WD19,"""WD19"","
UK,WD23,"""WD23"","
UK,WD24,"""WD24"","
UK,WD25,"""WD25"","
UK,WD3,"""WD3"","
UK,WD4,"""WD4"","
UK,WD5,"""WD5"","
UK,WD6,"""WD6"","
UK,WD7,"""WD7"","
UK,WD99,"""WD99"","
UK,DH1,"""DH1"","
UK,DH2,"""DH2"","
UK,DH3,"""DH3"","
UK,DH4,"""DH4"","
UK,DH5,"""DH5"","
UK,DH6,"""DH6"","
UK,DH7,"""DH7"","
UK,DH8,"""DH8"","
UK,DH9,"""DH9"","
UK,DH97,"""DH97"","
UK,DH98,"""DH98"","
UK,DH99,"""DH99"","
UK,DL1,"""DL1"","
UK,DL10,"""DL10"","
UK,DL11,"""DL11"","
UK,DL12,"""DL12"","
UK,DL13,"""DL13"","
UK,DL14,"""DL14"","
UK,DL15,"""DL15"","
UK,DL16,"""DL16"","
UK,DL17,"""DL17"","
UK,DL2,"""DL2"","
UK,DL3,"""DL3"","
UK,DL4,"""DL4"","
UK,DL5,"""DL5"","
UK,DL6,"""DL6"","
UK,DL7,"""DL7"","
UK,DL8,"""DL8"","
UK,DL9,"""DL9"","
UK,HG1,"""HG1"","
UK,HG2,"""HG2"","
UK,HG3,"""HG3"","
UK,HG4,"""HG4"","
UK,HG5,"""HG5"","
UK,HU1,"""HU1"","
UK,HU10,"""HU10"","
UK,HU11,"""HU11"","
UK,HU12,"""HU12"","
UK,HU13,"""HU13"","
UK,HU14,"""HU14"","
UK,HU15,"""HU15"","
UK,HU16,"""HU16"","
UK,HU17,"""HU17"","
UK,HU18,"""HU18"","
UK,HU19,"""HU19"","
UK,HU2,"""HU2"","
UK,HU20,"""HU20"","
UK,HU3,"""HU3"","
UK,HU4,"""HU4"","
UK,HU5,"""HU5"","
UK,HU6,"""HU6"","
UK,HU7,"""HU7"","
UK,HU8,"""HU8"","
UK,HU9,"""HU9"","
UK,LS1,"""LS1"","
UK,LS10,"""LS10"","
UK,LS11,"""LS11"","
UK,LS12,"""LS12"","
UK,LS13,"""LS13"","
UK,LS14,"""LS14"","
UK,LS15,"""LS15"","
UK,LS16,"""LS16"","
UK,LS17,"""LS17"","
UK,LS18,"""LS18"","
UK,LS19,"""LS19"","
UK,LS2,"""LS2"","
UK,LS20,"""LS20"","
UK,LS21,"""LS21"","
UK,LS22,"""LS22"","
UK,LS23,"""LS23"","
UK,LS24,"""LS24"","
UK,LS25,"""LS25"","
UK,LS26,"""LS26"","
UK,LS27,"""LS27"","
UK,LS28,"""LS28"","
UK,LS29,"""LS29"","
UK,LS3,"""LS3"","
UK,LS4,"""LS4"","
UK,LS5,"""LS5"","
UK,LS6,"""LS6"","
UK,LS7,"""LS7"","
UK,LS8,"""LS8"","
UK,LS88,"""LS88"","
UK,LS9,"""LS9"","
UK,LS99,"""LS99"","
UK,LS98,"""LS98"","
UK,NE1,"""NE1"","
UK,NE10,"""NE10"","
UK,NE11,"""NE11"","
UK,NE12,"""NE12"","
UK,NE13,"""NE13"","
UK,NE15,"""NE15"","
UK,NE16,"""NE16"","
UK,NE17,"""NE17"","
UK,NE18,"""NE18"","
UK,NE19,"""NE19"","
UK,NE2,"""NE2"","
UK,NE20,"""NE20"","
UK,NE21,"""NE21"","
UK,NE22,"""NE22"","
UK,NE23,"""NE23"","
UK,NE24,"""NE24"","
UK,NE25,"""NE25"","
UK,NE26,"""NE26"","
UK,NE27,"""NE27"","
UK,NE28,"""NE28"","
UK,NE29,"""NE29"","
UK,NE3,"""NE3"","
UK,NE30,"""NE30"","
UK,NE31,"""NE31"","
UK,NE32,"""NE32"","
UK,NE33,"""NE33"","
UK,NE34,"""NE34"","
UK,NE35,"""NE35"","
UK,NE36,"""NE36"","
UK,NE37,"""NE37"","
UK,NE38,"""NE38"","
UK,NE39,"""NE39"","
UK,NE4,"""NE4"","
UK,NE40,"""NE40"","
UK,NE41,"""NE41"","
UK,NE42,"""NE42"","
UK,NE43,"""NE43"","
UK,NE44,"""NE44"","
UK,NE45,"""NE45"","
UK,NE46,"""NE46"","
UK,NE47,"""NE47"","
UK,NE48,"""NE48"","
UK,NE49,"""NE49"","
UK,NE5,"""NE5"","
UK,NE6,"""NE6"","
UK,NE61,"""NE61"","
UK,NE62,"""NE62"","
UK,NE63,"""NE63"","
UK,NE64,"""NE64"","
UK,NE65,"""NE65"","
UK,NE66,"""NE66"","
UK,NE67,"""NE67"","
UK,NE68,"""NE68"","
UK,NE69,"""NE69"","
UK,NE7,"""NE7"","
UK,NE70,"""NE70"","
UK,NE71,"""NE71"","
UK,NE8,"""NE8"","
UK,NE82,"""NE82"","
UK,NE83,"""NE83"","
UK,NE9,"""NE9"","
UK,NE85,"""NE85"","
UK,NE88,"""NE88"","
UK,NE92,"""NE92"","
UK,NE99,"""NE99"","
UK,NE98,"""NE98"","
UK,SR1,"""SR1"","
UK,SR2,"""SR2"","
UK,SR3,"""SR3"","
UK,SR4,"""SR4"","
UK,SR5,"""SR5"","
UK,SR6,"""SR6"","
UK,SR7,"""SR7"","
UK,SR8,"""SR8"","
UK,SR9,"""SR9"","
UK,TS1,"""TS1"","
UK,TS10,"""TS10"","
UK,TS11,"""TS11"","
UK,TS12,"""TS12"","
UK,TS13,"""TS13"","
UK,TS14,"""TS14"","
UK,TS15,"""TS15"","
UK,TS16,"""TS16"","
UK,TS17,"""TS17"","
UK,TS18,"""TS18"","
UK,TS19,"""TS19"","
UK,TS2,"""TS2"","
UK,TS20,"""TS20"","
UK,TS21,"""TS21"","
UK,TS22,"""TS22"","
UK,TS23,"""TS23"","
UK,TS24,"""TS24"","
UK,TS25,"""TS25"","
UK,TS26,"""TS26"","
UK,TS27,"""TS27"","
UK,TS28,"""TS28"","
UK,TS29,"""TS29"","
UK,TS3,"""TS3"","
UK,TS4,"""TS4"","
UK,TS5,"""TS5"","
UK,TS6,"""TS6"","
UK,TS7,"""TS7"","
UK,TS8,"""TS8"","
UK,TS9,"""TS9"","
UK,TS90,"""TS90"","
UK,WF1,"""WF1"","
UK,WF10,"""WF10"","
UK,WF11,"""WF11"","
UK,WF12,"""WF12"","
UK,WF13,"""WF13"","
UK,WF14,"""WF14"","
UK,WF15,"""WF15"","
UK,WF16,"""WF16"","
UK,WF17,"""WF17"","
UK,WF2,"""WF2"","
UK,WF3,"""WF3"","
UK,WF4,"""WF4"","
UK,WF5,"""WF5"","
UK,WF6,"""WF6"","
UK,WF7,"""WF7"","
UK,WF8,"""WF8"","
UK,WF9,"""WF9"","
UK,WF90,"""WF90"","
UK,YO1,"""YO1"","
UK,YO10,"""YO10"","
UK,YO11,"""YO11"","
UK,YO12,"""YO12"","
UK,YO13,"""YO13"","
UK,YO14,"""YO14"","
UK,YO15,"""YO15"","
UK,YO16,"""YO16"","
UK,YO17,"""YO17"","
UK,YO18,"""YO18"","
UK,YO19,"""YO19"","
UK,YO21,"""YO21"","
UK,YO22,"""YO22"","
UK,YO23,"""YO23"","
UK,YO24,"""YO24"","
UK,YO25,"""YO25"","
UK,YO26,"""YO26"","
UK,YO30,"""YO30"","
UK,YO31,"""YO31"","
UK,YO32,"""YO32"","
UK,YO41,"""YO41"","
UK,YO42,"""YO42"","
UK,YO43,"""YO43"","
UK,YO51,"""YO51"","
UK,YO60,"""YO60"","
UK,YO61,"""YO61"","
UK,YO62,"""YO62"","
UK,YO7,"""YO7"","
UK,YO8,"""YO8"","
UK,YO90,"""YO90"","
UK,YO91,"""YO91"","
UK,YO95,"""YO95"","
UK,BB1,"""BB1"","
UK,BB10,"""BB10"","
UK,BB11,"""BB11"","
UK,BB12,"""BB12"","
UK,BB18,"""BB18"","
UK,BB2,"""BB2"","
UK,BB3,"""BB3"","
UK,BB4,"""BB4"","
UK,BB5,"""BB5"","
UK,BB6,"""BB6"","
UK,BB7,"""BB7"","
UK,BB8,"""BB8"","
UK,BB9,"""BB9"","
UK,BB94,"""BB94"","
UK,BD1,"""BD1"","
UK,BD10,"""BD10"","
UK,BD11,"""BD11"","
UK,BD12,"""BD12"","
UK,BD13,"""BD13"","
UK,BD14,"""BD14"","
UK,BD15,"""BD15"","
UK,BD16,"""BD16"","
UK,BD17,"""BD17"","
UK,BD18,"""BD18"","
UK,BD19,"""BD19"","
UK,BD2,"""BD2"","
UK,BD20,"""BD20"","
UK,BD21,"""BD21"","
UK,BD22,"""BD22"","
UK,BD23,"""BD23"","
UK,BD24,"""BD24"","
UK,BD3,"""BD3"","
UK,BD4,"""BD4"","
UK,BD5,"""BD5"","
UK,BD6,"""BD6"","
UK,BD7,"""BD7"","
UK,BD8,"""BD8"","
UK,BD9,"""BD9"","
UK,BD97,"""BD97"","
UK,BD98,"""BD98"","
UK,BD99,"""BD99"","
UK,BL0,"""BL0"","
UK,BL1,"""BL1"","
UK,BL11,"""BL11"","
UK,BL2,"""BL2"","
UK,BL3,"""BL3"","
UK,BL4,"""BL4"","
UK,BL5,"""BL5"","
UK,BL6,"""BL6"","
UK,BL7,"""BL7"","
UK,BL78,"""BL78"","
UK,BL8,"""BL8"","
UK,BL9,"""BL9"","
UK,CA1,"""CA1"","
UK,CA10,"""CA10"","
UK,CA11,"""CA11"","
UK,CA12,"""CA12"","
UK,CA13,"""CA13"","
UK,CA14,"""CA14"","
UK,CA15,"""CA15"","
UK,CA16,"""CA16"","
UK,CA17,"""CA17"","
UK,CA18,"""CA18"","
UK,CA19,"""CA19"","
UK,CA2,"""CA2"","
UK,CA20,"""CA20"","
UK,CA21,"""CA21"","
UK,CA22,"""CA22"","
UK,CA23,"""CA23"","
UK,CA24,"""CA24"","
UK,CA25,"""CA25"","
UK,CA26,"""CA26"","
UK,CA27,"""CA27"","
UK,CA28,"""CA28"","
UK,CA3,"""CA3"","
UK,CA4,"""CA4"","
UK,CA5,"""CA5"","
UK,CA6,"""CA6"","
UK,CA7,"""CA7"","
UK,CA8,"""CA8"","
UK,CA9,"""CA9"","
UK,CA95,"""CA95"","
UK,CA99,"""CA99"","
UK,CH1,"""CH1"","
UK,CH2,"""CH2"","
UK,CH25,"""CH25"","
UK,CH26,"""CH26"","
UK,CH27,"""CH27"","
UK,CH28,"""CH28"","
UK,CH29,"""CH29"","
UK,CH3,"""CH3"","
UK,CH30,"""CH30"","
UK,CH31,"""CH31"","
UK,CH32,"""CH32"","
UK,CH34,"""CH34"","
UK,CH33,"""CH33"","
UK,CH4,"""CH4"","
UK,CH41,"""CH41"","
UK,CH42,"""CH42"","
UK,CH43,"""CH43"","
UK,CH44,"""CH44"","
UK,CH45,"""CH45"","
UK,CH46,"""CH46"","
UK,CH47,"""CH47"","
UK,CH48,"""CH48"","
UK,CH49,"""CH49"","
UK,CH5,"""CH5"","
UK,CH6,"""CH6"","
UK,CH60,"""CH60"","
UK,CH61,"""CH61"","
UK,CH62,"""CH62"","
UK,CH63,"""CH63"","
UK,CH64,"""CH64"","
UK,CH65,"""CH65"","
UK,CH66,"""CH66"","
UK,CH7,"""CH7"","
UK,CH70,"""CH70"","
UK,CH8,"""CH8"","
UK,CH88,"""CH88"","
UK,CH99,"""CH99"","
UK,CW1,"""CW1"","
UK,CW10,"""CW10"","
UK,CW11,"""CW11"","
UK,CW12,"""CW12"","
UK,CW2,"""CW2"","
UK,CW3,"""CW3"","
UK,CW4,"""CW4"","
UK,CW5,"""CW5"","
UK,CW6,"""CW6"","
UK,CW7,"""CW7"","
UK,CW8,"""CW8"","
UK,CW9,"""CW9"","
UK,CW98,"""CW98"","
UK,FY0,"""FY0"","
UK,FY1,"""FY1"","
UK,FY2,"""FY2"","
UK,FY3,"""FY3"","
UK,FY4,"""FY4"","
UK,FY5,"""FY5"","
UK,FY6,"""FY6"","
UK,FY7,"""FY7"","
UK,FY8,"""FY8"","
UK,HD1,"""HD1"","
UK,HD2,"""HD2"","
UK,HD3,"""HD3"","
UK,HD4,"""HD4"","
UK,HD5,"""HD5"","
UK,HD6,"""HD6"","
UK,HD7,"""HD7"","
UK,HD8,"""HD8"","
UK,HD9,"""HD9"","
UK,HX1,"""HX1"","
UK,HX2,"""HX2"","
UK,HX3,"""HX3"","
UK,HX4,"""HX4"","
UK,HX5,"""HX5"","
UK,HX6,"""HX6"","
UK,HX7,"""HX7"","
UK,L1,"""L1"","
UK,L10,"""L10"","
UK,L11,"""L11"","
UK,L12,"""L12"","
UK,L13,"""L13"","
UK,L14,"""L14"","
UK,L15,"""L15"","
UK,L16,"""L16"","
UK,L17,"""L17"","
UK,L18,"""L18"","
UK,L19,"""L19"","
UK,L2,"""L2"","
UK,L20,"""L20"","
UK,L21,"""L21"","
UK,L22,"""L22"","
UK,L23,"""L23"","
UK,L24,"""L24"","
UK,L25,"""L25"","
UK,L26,"""L26"","
UK,L27,"""L27"","
UK,L28,"""L28"","
UK,L29,"""L29"","
UK,L3,"""L3"","
UK,L30,"""L30"","
UK,L31,"""L31"","
UK,L32,"""L32"","
UK,L33,"""L33"","
UK,L34,"""L34"","
UK,L35,"""L35"","
UK,L36,"""L36"","
UK,L37,"""L37"","
UK,L38,"""L38"","
UK,L39,"""L39"","
UK,L4,"""L4"","
UK,L40,"""L40"","
UK,L5,"""L5"","
UK,L6,"""L6"","
UK,L67,"""L67"","
UK,L68,"""L68"","
UK,L69,"""L69"","
UK,L7,"""L7"","
UK,L70,"""L70"","
UK,L71,"""L71"","
UK,L72,"""L72"","
UK,L73,"""L73"","
UK,L74,"""L74"","
UK,L75,"""L75"","
UK,L8,"""L8"","
UK,L9,"""L9"","
UK,LA1,"""LA1"","
UK,LA10,"""LA10"","
UK,LA11,"""LA11"","
UK,LA12,"""LA12"","
UK,LA13,"""LA13"","
UK,LA14,"""LA14"","
UK,LA15,"""LA15"","
UK,LA16,"""LA16"","
UK,LA17,"""LA17"","
UK,LA18,"""LA18"","
UK,LA19,"""LA19"","
UK,LA2,"""LA2"","
UK,LA20,"""LA20"","
UK,LA21,"""LA21"","
UK,LA22,"""LA22"","
UK,LA23,"""LA23"","
UK,LA3,"""LA3"","
UK,LA4,"""LA4"","
UK,LA5,"""LA5"","
UK,LA6,"""LA6"","
UK,LA7,"""LA7"","
UK,LA8,"""LA8"","
UK,LA9,"""LA9"","
UK,M1,"""M1"","
UK,M11,"""M11"","
UK,M12,"""M12"","
UK,M13,"""M13"","
UK,M14,"""M14"","
UK,M15,"""M15"","
UK,M16,"""M16"","
UK,M17,"""M17"","
UK,M18,"""M18"","
UK,M19,"""M19"","
UK,M2,"""M2"","
UK,M20,"""M20"","
UK,M21,"""M21"","
UK,M22,"""M22"","
UK,M23,"""M23"","
UK,M24,"""M24"","
UK,M25,"""M25"","
UK,M26,"""M26"","
UK,M27,"""M27"","
UK,M28,"""M28"","
UK,M29,"""M29"","
UK,M3,"""M3"","
UK,M30,"""M30"","
UK,M31,"""M31"","
UK,M32,"""M32"","
UK,M33,"""M33"","
UK,M34,"""M34"","
UK,M35,"""M35"","
UK,M38,"""M38"","
UK,M4,"""M4"","
UK,M40,"""M40"","
UK,M41,"""M41"","
UK,M43,"""M43"","
UK,M44,"""M44"","
UK,M45,"""M45"","
UK,M46,"""M46"","
UK,M5,"""M5"","
UK,M50,"""M50"","
UK,M6,"""M6"","
UK,M60,"""M60"","
UK,M61,"""M61"","
UK,M7,"""M7"","
UK,M8,"""M8"","
UK,M9,"""M9"","
UK,M90,"""M90"","
UK,M99,"""M99"","
UK,OL1,"""OL1"","
UK,OL10,"""OL10"","
UK,OL11,"""OL11"","
UK,OL12,"""OL12"","
UK,OL13,"""OL13"","
UK,OL14,"""OL14"","
UK,OL15,"""OL15"","
UK,OL16,"""OL16"","
UK,OL2,"""OL2"","
UK,OL3,"""OL3"","
UK,OL4,"""OL4"","
UK,OL5,"""OL5"","
UK,OL6,"""OL6"","
UK,OL7,"""OL7"","
UK,OL8,"""OL8"","
UK,OL9,"""OL9"","
UK,OL95,"""OL95"","
UK,PR0,"""PR0"","
UK,PR1,"""PR1"","
UK,PR11,"""PR11"","
UK,PR2,"""PR2"","
UK,PR25,"""PR25"","
UK,PR26,"""PR26"","
UK,PR3,"""PR3"","
UK,PR4,"""PR4"","
UK,PR5,"""PR5"","
UK,PR6,"""PR6"","
UK,PR7,"""PR7"","
UK,PR8,"""PR8"","
UK,PR9,"""PR9"","
UK,SK1,"""SK1"","
UK,SK10,"""SK10"","
UK,SK11,"""SK11"","
UK,SK12,"""SK12"","
UK,SK13,"""SK13"","
UK,SK14,"""SK14"","
UK,SK15,"""SK15"","
UK,SK16,"""SK16"","
UK,SK17,"""SK17"","
UK,SK2,"""SK2"","
UK,SK22,"""SK22"","
UK,SK23,"""SK23"","
UK,SK3,"""SK3"","
UK,SK4,"""SK4"","
UK,SK5,"""SK5"","
UK,SK6,"""SK6"","
UK,SK7,"""SK7"","
UK,SK8,"""SK8"","
UK,SK9,"""SK9"","
UK,WA1,"""WA1"","
UK,WA10,"""WA10"","
UK,WA11,"""WA11"","
UK,WA12,"""WA12"","
UK,WA13,"""WA13"","
UK,WA14,"""WA14"","
UK,WA15,"""WA15"","
UK,WA16,"""WA16"","
UK,WA2,"""WA2"","
UK,WA3,"""WA3"","
UK,WA4,"""WA4"","
UK,WA5,"""WA5"","
UK,WA55,"""WA55"","
UK,WA6,"""WA6"","
UK,WA7,"""WA7"","
UK,WA8,"""WA8"","
UK,WA88,"""WA88"","
UK,WA9,"""WA9"","
UK,WN1,"""WN1"","
UK,WN2,"""WN2"","
UK,WN3,"""WN3"","
UK,WN4,"""WN4"","
UK,WN5,"""WN5"","
UK,WN6,"""WN6"","
UK,WN7,"""WN7"","
UK,WN8,"""WN8"","
UK,BN1,"""BN1"","
UK,BN10,"""BN10"","
UK,BN11,"""BN11"","
UK,BN12,"""BN12"","
UK,BN13,"""BN13"","
UK,BN14,"""BN14"","
UK,BN15,"""BN15"","
UK,BN16,"""BN16"","
UK,BN17,"""BN17"","
UK,BN18,"""BN18"","
UK,BN2,"""BN2"","
UK,BN20,"""BN20"","
UK,BN21,"""BN21"","
UK,BN22,"""BN22"","
UK,BN23,"""BN23"","
UK,BN24,"""BN24"","
UK,BN25,"""BN25"","
UK,BN26,"""BN26"","
UK,BN27,"""BN27"","
UK,BN3,"""BN3"","
UK,BN41,"""BN41"","
UK,BN42,"""BN42"","
UK,BN43,"""BN43"","
UK,BN44,"""BN44"","
UK,BN45,"""BN45"","
UK,BN5,"""BN5"","
UK,BN50,"""BN50"","
UK,BN51,"""BN51"","
UK,BN52,"""BN52"","
UK,BN6,"""BN6"","
UK,BN7,"""BN7"","
UK,BN8,"""BN8"","
UK,BN88,"""BN88"","
UK,BN9,"""BN9"","
UK,BN99,"""BN99"","
UK,CT1,"""CT1"","
UK,CT10,"""CT10"","
UK,CT11,"""CT11"","
UK,CT12,"""CT12"","
UK,CT13,"""CT13"","
UK,CT14,"""CT14"","
UK,CT15,"""CT15"","
UK,CT16,"""CT16"","
UK,CT17,"""CT17"","
UK,CT18,"""CT18"","
UK,CT19,"""CT19"","
UK,CT2,"""CT2"","
UK,CT20,"""CT20"","
UK,CT21,"""CT21"","
UK,CT3,"""CT3"","
UK,CT4,"""CT4"","
UK,CT5,"""CT5"","
UK,CT50,"""CT50"","
UK,CT6,"""CT6"","
UK,CT7,"""CT7"","
UK,CT8,"""CT8"","
UK,CT9,"""CT9"","
UK,CM0,"""CM0"","
UK,CM1,"""CM1"","
UK,CM11,"""CM11"","
UK,CM12,"""CM12"","
UK,CM13,"""CM13"","
UK,CM14,"""CM14"","
UK,CM15,"""CM15"","
UK,CM16,"""CM16"","
UK,CM17,"""CM17"","
UK,CM18,"""CM18"","
UK,CM19,"""CM19"","
UK,CM2,"""CM2"","
UK,CM20,"""CM20"","
UK,CM21,"""CM21"","
UK,CM22,"""CM22"","
UK,CM23,"""CM23"","
UK,CM24,"""CM24"","
UK,CM3,"""CM3"","
UK,CM4,"""CM4"","
UK,CM5,"""CM5"","
UK,CM6,"""CM6"","
UK,CM7,"""CM7"","
UK,CM77,"""CM77"","
UK,CM8,"""CM8"","
UK,CM9,"""CM9"","
UK,CM92,"""CM92"","
UK,CM98,"""CM98"","
UK,CM99,"""CM99"","
UK,GU1,"""GU1"","
UK,GU10,"""GU10"","
UK,GU11,"""GU11"","
UK,GU12,"""GU12"","
UK,GU14,"""GU14"","
UK,GU15,"""GU15"","
UK,GU16,"""GU16"","
UK,GU17,"""GU17"","
UK,GU18,"""GU18"","
UK,GU19,"""GU19"","
UK,GU2,"""GU2"","
UK,GU20,"""GU20"","
UK,GU21,"""GU21"","
UK,GU22,"""GU22"","
UK,GU23,"""GU23"","
UK,GU24,"""GU24"","
UK,GU25,"""GU25"","
UK,GU26,"""GU26"","
UK,GU27,"""GU27"","
UK,GU28,"""GU28"","
UK,GU29,"""GU29"","
UK,GU3,"""GU3"","
UK,GU30,"""GU30"","
UK,GU31,"""GU31"","
UK,GU32,"""GU32"","
UK,GU33,"""GU33"","
UK,GU34,"""GU34"","
UK,GU35,"""GU35"","
UK,GU4,"""GU4"","
UK,GU46,"""GU46"","
UK,GU47,"""GU47"","
UK,GU5,"""GU5"","
UK,GU51,"""GU51"","
UK,GU52,"""GU52"","
UK,GU6,"""GU6"","
UK,GU7,"""GU7"","
UK,GU8,"""GU8"","
UK,GU9,"""GU9"","
UK,GU95,"""GU95"","
UK,HP1,"""HP1"","
UK,HP10,"""HP10"","
UK,HP11,"""HP11"","
UK,HP12,"""HP12"","
UK,HP13,"""HP13"","
UK,HP14,"""HP14"","
UK,HP15,"""HP15"","
UK,HP16,"""HP16"","
UK,HP17,"""HP17"","
UK,HP18,"""HP18"","
UK,HP19,"""HP19"","
UK,HP2,"""HP2"","
UK,HP20,"""HP20"","
UK,HP21,"""HP21"","
UK,HP22,"""HP22"","
UK,HP23,"""HP23"","
UK,HP27,"""HP27"","
UK,HP3,"""HP3"","
UK,HP4,"""HP4"","
UK,HP5,"""HP5"","
UK,HP6,"""HP6"","
UK,HP7,"""HP7"","
UK,HP8,"""HP8"","
UK,HP9,"""HP9"","
UK,LU1,"""LU1"","
UK,LU2,"""LU2"","
UK,LU3,"""LU3"","
UK,LU4,"""LU4"","
UK,LU5,"""LU5"","
UK,LU6,"""LU6"","
UK,LU7,"""LU7"","
UK,LU95,"""LU95"","
UK,ME1,"""ME1"","
UK,ME10,"""ME10"","
UK,ME11,"""ME11"","
UK,ME12,"""ME12"","
UK,ME13,"""ME13"","
UK,ME14,"""ME14"","
UK,ME15,"""ME15"","
UK,ME16,"""ME16"","
UK,ME17,"""ME17"","
UK,ME18,"""ME18"","
UK,ME19,"""ME19"","
UK,ME2,"""ME2"","
UK,ME20,"""ME20"","
UK,ME3,"""ME3"","
UK,ME4,"""ME4"","
UK,ME5,"""ME5"","
UK,ME6,"""ME6"","
UK,ME7,"""ME7"","
UK,ME8,"""ME8"","
UK,ME9,"""ME9"","
UK,ME99,"""ME99"","
UK,KT1,"""KT1"","
UK,KT10,"""KT10"","
UK,KT11,"""KT11"","
UK,KT12,"""KT12"","
UK,KT13,"""KT13"","
UK,KT14,"""KT14"","
UK,KT15,"""KT15"","
UK,KT16,"""KT16"","
UK,KT17,"""KT17"","
UK,KT18,"""KT18"","
UK,KT19,"""KT19"","
UK,KT2,"""KT2"","
UK,KT20,"""KT20"","
UK,KT21,"""KT21"","
UK,KT22,"""KT22"","
UK,KT23,"""KT23"","
UK,KT24,"""KT24"","
UK,KT3,"""KT3"","
UK,KT4,"""KT4"","
UK,KT5,"""KT5"","
UK,KT6,"""KT6"","
UK,KT7,"""KT7"","
UK,KT8,"""KT8"","
UK,KT9,"""KT9"","
UK,RM1,"""RM1"","
UK,RM10,"""RM10"","
UK,RM11,"""RM11"","
UK,RM12,"""RM12"","
UK,RM13,"""RM13"","
UK,RM14,"""RM14"","
UK,RM15,"""RM15"","
UK,RM16,"""RM16"","
UK,RM17,"""RM17"","
UK,RM18,"""RM18"","
UK,RM19,"""RM19"","
UK,RM2,"""RM2"","
UK,RM20,"""RM20"","
UK,RM3,"""RM3"","
UK,RM4,"""RM4"","
UK,RM5,"""RM5"","
UK,RM6,"""RM6"","
UK,RM50,"""RM50"","
UK,RM7,"""RM7"","
UK,RM8,"""RM8"","
UK,RM9,"""RM9"","
UK,OX1,"""OX1"","
UK,OX10,"""OX10"","
UK,OX11,"""OX11"","
UK,OX12,"""OX12"","
UK,OX13,"""OX13"","
UK,OX14,"""OX14"","
UK,OX15,"""OX15"","
UK,OX16,"""OX16"","
UK,OX17,"""OX17"","
UK,OX18,"""OX18"","
UK,OX2,"""OX2"","
UK,OX20,"""OX20"","
UK,OX25,"""OX25"","
UK,OX26,"""OX26"","
UK,OX27,"""OX27"","
UK,OX28,"""OX28"","
UK,OX29,"""OX29"","
UK,OX3,"""OX3"","
UK,OX33,"""OX33"","
UK,OX39,"""OX39"","
UK,OX4,"""OX4"","
UK,OX44,"""OX44"","
UK,OX49,"""OX49"","
UK,OX5,"""OX5"","
UK,OX7,"""OX7"","
UK,OX9,"""OX9"","
UK,OX6,"""OX6"","
UK,PO1,"""PO1"","
UK,PO10,"""PO10"","
UK,PO11,"""PO11"","
UK,PO12,"""PO12"","
UK,PO13,"""PO13"","
UK,PO14,"""PO14"","
UK,PO15,"""PO15"","
UK,PO16,"""PO16"","
UK,PO17,"""PO17"","
UK,PO18,"""PO18"","
UK,PO19,"""PO19"","
UK,BA1,"""BA1"","
UK,BA10,"""BA10"","
UK,BA11,"""BA11"","
UK,BA12,"""BA12"","
UK,BA13,"""BA13"","
UK,BA14,"""BA14"","
UK,BA15,"""BA15"","
UK,BA16,"""BA16"","
UK,BA2,"""BA2"","
UK,BA20,"""BA20"","
UK,BA21,"""BA21"","
UK,BA22,"""BA22"","
UK,BA3,"""BA3"","
UK,BA4,"""BA4"","
UK,BA5,"""BA5"","
UK,BA6,"""BA6"","
UK,BA7,"""BA7"","
UK,BA8,"""BA8"","
UK,BA9,"""BA9"","
UK,BH1,"""BH1"","
UK,BH10,"""BH10"","
UK,BH11,"""BH11"","
UK,BH12,"""BH12"","
UK,BH13,"""BH13"","
UK,BH14,"""BH14"","
UK,BH15,"""BH15"","
UK,BH16,"""BH16"","
UK,BH17,"""BH17"","
UK,BH18,"""BH18"","
UK,BH19,"""BH19"","
UK,BH2,"""BH2"","
UK,BH20,"""BH20"","
UK,BH21,"""BH21"","
UK,BH22,"""BH22"","
UK,BH23,"""BH23"","
UK,BH24,"""BH24"","
UK,BH25,"""BH25"","
UK,BH3,"""BH3"","
UK,BH31,"""BH31"","
UK,BH4,"""BH4"","
UK,BH5,"""BH5"","
UK,BH6,"""BH6"","
UK,BH7,"""BH7"","
UK,BH8,"""BH8"","
UK,BH9,"""BH9"","
UK,BS1,"""BS1"","
UK,BS0,"""BS0"","
UK,BS10,"""BS10"","
UK,BS11,"""BS11"","
UK,BS13,"""BS13"","
UK,BS14,"""BS14"","
UK,BS15,"""BS15"","
UK,BS16,"""BS16"","
UK,BS2,"""BS2"","
UK,BS20,"""BS20"","
UK,BS21,"""BS21"","
UK,BS22,"""BS22"","
UK,BS23,"""BS23"","
UK,BS24,"""BS24"","
UK,BS25,"""BS25"","
UK,BS26,"""BS26"","
UK,BS27,"""BS27"","
UK,BS28,"""BS28"","
UK,BS29,"""BS29"","
UK,BS3,"""BS3"","
UK,BS30,"""BS30"","
UK,BS31,"""BS31"","
UK,BS32,"""BS32"","
UK,BS34,"""BS34"","
UK,BS35,"""BS35"","
UK,BS36,"""BS36"","
UK,BS37,"""BS37"","
UK,BS39,"""BS39"","
UK,BS4,"""BS4"","
UK,BS40,"""BS40"","
UK,BS41,"""BS41"","
UK,BS48,"""BS48"","
UK,BS49,"""BS49"","
UK,BS5,"""BS5"","
UK,BS6,"""BS6"","
UK,BS7,"""BS7"","
UK,BS8,"""BS8"","
UK,BS80,"""BS80"","
UK,BS9,"""BS9"","
UK,BS98,"""BS98"","
UK,BS99,"""BS99"","
UK,DT1,"""DT1"","
UK,DT10,"""DT10"","
UK,DT11,"""DT11"","
UK,DT2,"""DT2"","
UK,DT3,"""DT3"","
UK,DT4,"""DT4"","
UK,DT5,"""DT5"","
UK,DT6,"""DT6"","
UK,DT7,"""DT7"","
UK,DT8,"""DT8"","
UK,DT9,"""DT9"","
UK,EX1,"""EX1"","
UK,EX10,"""EX10"","
UK,EX11,"""EX11"","
UK,EX12,"""EX12"","
UK,EX13,"""EX13"","
UK,EX14,"""EX14"","
UK,EX15,"""EX15"","
UK,EX16,"""EX16"","
UK,EX17,"""EX17"","
UK,EX18,"""EX18"","
UK,EX19,"""EX19"","
UK,EX2,"""EX2"","
UK,EX20,"""EX20"","
UK,EX21,"""EX21"","
UK,EX22,"""EX22"","
UK,EX23,"""EX23"","
UK,EX24,"""EX24"","
UK,EX3,"""EX3"","
UK,EX31,"""EX31"","
UK,EX32,"""EX32"","
UK,EX33,"""EX33"","
UK,EX34,"""EX34"","
UK,EX35,"""EX35"","
UK,EX36,"""EX36"","
UK,EX37,"""EX37"","
UK,EX38,"""EX38"","
UK,EX39,"""EX39"","
UK,EX4,"""EX4"","
UK,EX5,"""EX5"","
UK,EX6,"""EX6"","
UK,EX7,"""EX7"","
UK,EX8,"""EX8"","
UK,EX9,"""EX9"","
UK,GL1,"""GL1"","
UK,GL10,"""GL10"","
UK,GL11,"""GL11"","
UK,GL12,"""GL12"","
UK,GL13,"""GL13"","
UK,GL14,"""GL14"","
UK,GL15,"""GL15"","
UK,GL16,"""GL16"","
UK,GL17,"""GL17"","
UK,GL18,"""GL18"","
UK,GL19,"""GL19"","
UK,GL2,"""GL2"","
UK,GL20,"""GL20"","
UK,GL3,"""GL3"","
UK,GL4,"""GL4"","
UK,GL5,"""GL5"","
UK,GL50,"""GL50"","
UK,GL51,"""GL51"","
UK,GL52,"""GL52"","
UK,GL53,"""GL53"","
UK,GL54,"""GL54"","
UK,GL55,"""GL55"","
UK,GL56,"""GL56"","
UK,GL6,"""GL6"","
UK,GL7,"""GL7"","
UK,GL8,"""GL8"","
UK,GL9,"""GL9"","
UK,PL1,"""PL1"","
UK,PL10,"""PL10"","
UK,PL11,"""PL11"","
UK,PL12,"""PL12"","
UK,PL13,"""PL13"","
UK,PL14,"""PL14"","
UK,PL15,"""PL15"","
UK,PL16,"""PL16"","
UK,PL17,"""PL17"","
UK,PL18,"""PL18"","
UK,PL19,"""PL19"","
UK,PL2,"""PL2"","
UK,PL20,"""PL20"","
UK,PL21,"""PL21"","
UK,PL22,"""PL22"","
UK,PL23,"""PL23"","
UK,PL24,"""PL24"","
UK,PL25,"""PL25"","
UK,PL26,"""PL26"","
UK,PL27,"""PL27"","
UK,PL28,"""PL28"","
UK,PL29,"""PL29"","
UK,PL3,"""PL3"","
UK,PL30,"""PL30"","
UK,PL31,"""PL31"","
UK,PL32,"""PL32"","
UK,PL33,"""PL33"","
UK,PL34,"""PL34"","
UK,PL35,"""PL35"","
UK,PL4,"""PL4"","
UK,PL5,"""PL5"","
UK,PL6,"""PL6"","
UK,PL7,"""PL7"","
UK,PL8,"""PL8"","
UK,PL9,"""PL9"","
UK,PL95,"""PL95"","
UK,SN1,"""SN1"","
UK,SN10,"""SN10"","
UK,SN11,"""SN11"","
UK,SN12,"""SN12"","
UK,SN13,"""SN13"","
UK,SN14,"""SN14"","
UK,SN15,"""SN15"","
UK,SN16,"""SN16"","
UK,SN2,"""SN2"","
UK,SN25,"""SN25"","
UK,SN26,"""SN26"","
UK,SN3,"""SN3"","
UK,SN38,"""SN38"","
UK,SN4,"""SN4"","
UK,SN5,"""SN5"","
UK,SN6,"""SN6"","
UK,SN7,"""SN7"","
UK,SN8,"""SN8"","
UK,SN9,"""SN9"","
UK,SN99,"""SN99"","
UK,SP1,"""SP1"","
UK,SP10,"""SP10"","
UK,SP11,"""SP11"","
UK,SP2,"""SP2"","
UK,SP3,"""SP3"","
UK,SP4,"""SP4"","
UK,SP5,"""SP5"","
UK,SP6,"""SP6"","
UK,SP7,"""SP7"","
UK,SP8,"""SP8"","
UK,SP9,"""SP9"","
UK,TA1,"""TA1"","
UK,TA10,"""TA10"","
UK,TA11,"""TA11"","
UK,TA12,"""TA12"","
UK,TA13,"""TA13"","
UK,TA14,"""TA14"","
UK,TA15,"""TA15"","
UK,TA16,"""TA16"","
UK,TA17,"""TA17"","
UK,TA18,"""TA18"","
UK,TA19,"""TA19"","
UK,TA2,"""TA2"","
UK,TA20,"""TA20"","
UK,TA21,"""TA21"","
UK,TA22,"""TA22"","
UK,TA23,"""TA23"","
UK,TA24,"""TA24"","
UK,TA3,"""TA3"","
UK,TA4,"""TA4"","
UK,TA5,"""TA5"","
UK,TA6,"""TA6"","
UK,TA7,"""TA7"","
UK,TA8,"""TA8"","
UK,TA9,"""TA9"","
UK,TQ1,"""TQ1"","
UK,TQ10,"""TQ10"","
UK,TQ11,"""TQ11"","
UK,TQ12,"""TQ12"","
UK,TQ13,"""TQ13"","
UK,TQ14,"""TQ14"","
UK,TQ2,"""TQ2"","
UK,TQ3,"""TQ3"","
UK,TQ4,"""TQ4"","
UK,TQ5,"""TQ5"","
UK,TQ6,"""TQ6"","
UK,TQ7,"""TQ7"","
UK,TQ8,"""TQ8"","
UK,TQ9,"""TQ9"","
UK,TR1,"""TR1"","
UK,TR10,"""TR10"","
UK,TR11,"""TR11"","
UK,TR12,"""TR12"","
UK,TR13,"""TR13"","
UK,TR14,"""TR14"","
UK,TR15,"""TR15"","
UK,TR16,"""TR16"","
UK,TR17,"""TR17"","
UK,TR18,"""TR18"","
UK,TR19,"""TR19"","
UK,TR2,"""TR2"","
UK,TR20,"""TR20"","
UK,TR21,"""TR21"","
UK,TR22,"""TR22"","
UK,TR23,"""TR23"","
UK,TR24,"""TR24"","
UK,TR25,"""TR25"","
UK,TR26,"""TR26"","
UK,TR27,"""TR27"","
UK,TR3,"""TR3"","
UK,TR4,"""TR4"","
UK,TR5,"""TR5"","
UK,TR6,"""TR6"","
UK,TR7,"""TR7"","
UK,TR8,"""TR8"","
UK,TR9,"""TR9"","
UK,TR93,"""TR93"","
UK,CF10,"""CF10"","
UK,CF11,"""CF11"","
UK,CF14,"""CF14"","
UK,CF15,"""CF15"","
UK,CF23,"""CF23"","
UK,CF24,"""CF24"","
UK,CF3,"""CF3"","
UK,CF30,"""CF30"","
UK,CF31,"""CF31"","
UK,CF32,"""CF32"","
UK,CF33,"""CF33"","
UK,CF34,"""CF34"","
UK,CF35,"""CF35"","
UK,CF36,"""CF36"","
UK,CF37,"""CF37"","
UK,CF39,"""CF39"","
UK,CF38,"""CF38"","
UK,CF40,"""CF40"","
UK,CF41,"""CF41"","
UK,CF42,"""CF42"","
UK,CF43,"""CF43"","
UK,CF44,"""CF44"","
UK,CF45,"""CF45"","
UK,CF46,"""CF46"","
UK,CF47,"""CF47"","
UK,CF48,"""CF48"","
UK,CF5,"""CF5"","
UK,CF61,"""CF61"","
UK,CF62,"""CF62"","
UK,CF63,"""CF63"","
UK,CF64,"""CF64"","
UK,CF71,"""CF71"","
UK,CF72,"""CF72"","
UK,CF81,"""CF81"","
UK,CF82,"""CF82"","
UK,CF83,"""CF83"","
UK,CF91,"""CF91"","
UK,CF95,"""CF95"","
UK,CF99,"""CF99"","
UK,LD1,"""LD1"","
UK,LD2,"""LD2"","
UK,LD3,"""LD3"","
UK,LD4,"""LD4"","
UK,LD5,"""LD5"","
UK,LD6,"""LD6"","
UK,LD7,"""LD7"","
UK,LD8,"""LD8"","
UK,LL11,"""LL11"","
UK,LL12,"""LL12"","
UK,LL13,"""LL13"","
UK,LL14,"""LL14"","
UK,LL15,"""LL15"","
UK,LL16,"""LL16"","
UK,LL17,"""LL17"","
UK,LL18,"""LL18"","
UK,LL19,"""LL19"","
UK,LL20,"""LL20"","
UK,LL21,"""LL21"","
UK,LL22,"""LL22"","
UK,LL23,"""LL23"","
UK,LL24,"""LL24"","
UK,LL25,"""LL25"","
UK,LL26,"""LL26"","
UK,LL27,"""LL27"","
UK,LL28,"""LL28"","
UK,LL29,"""LL29"","
UK,LL30,"""LL30"","
UK,LL31,"""LL31"","
UK,LL32,"""LL32"","
UK,LL33,"""LL33"","
UK,LL34,"""LL34"","
UK,LL35,"""LL35"","
UK,LL36,"""LL36"","
UK,LL37,"""LL37"","
UK,LL38,"""LL38"","
UK,LL39,"""LL39"","
UK,LL40,"""LL40"","
UK,LL41,"""LL41"","
UK,LL42,"""LL42"","
UK,LL43,"""LL43"","
UK,LL44,"""LL44"","
UK,LL45,"""LL45"","
UK,LL46,"""LL46"","
UK,LL47,"""LL47"","
UK,LL48,"""LL48"","
UK,LL49,"""LL49"","
UK,LL51,"""LL51"","
UK,LL52,"""LL52"","
UK,LL53,"""LL53"","
UK,LL54,"""LL54"","
UK,LL55,"""LL55"","
UK,LL56,"""LL56"","
UK,LL57,"""LL57"","
UK,LL58,"""LL58"","
UK,LL59,"""LL59"","
UK,LL60,"""LL60"","
UK,LL61,"""LL61"","
UK,LL62,"""LL62"","
UK,LL63,"""LL63"","
UK,LL64,"""LL64"","
UK,LL65,"""LL65"","
UK,LL66,"""LL66"","
UK,LL67,"""LL67"","
UK,LL68,"""LL68"","
UK,LL69,"""LL69"","
UK,LL70,"""LL70"","
UK,LL71,"""LL71"","
UK,LL72,"""LL72"","
UK,LL74,"""LL74"","
UK,LL73,"""LL73"","
UK,LL75,"""LL75"","
UK,LL76,"""LL76"","
UK,LL77,"""LL77"","
UK,LL78,"""LL78"","
UK,NP10,"""NP10"","
UK,NP11,"""NP11"","
UK,NP12,"""NP12"","
UK,NP13,"""NP13"","
UK,NP15,"""NP15"","
UK,NP16,"""NP16"","
UK,NP18,"""NP18"","
UK,NP19,"""NP19"","
UK,NP20,"""NP20"","
UK,NP22,"""NP22"","
UK,NP23,"""NP23"","
UK,NP24,"""NP24"","
UK,NP25,"""NP25"","
UK,NP26,"""NP26"","
UK,NP4,"""NP4"","
UK,NP44,"""NP44"","
UK,NP7,"""NP7"","
UK,NP8,"""NP8"","
UK,SA1,"""SA1"","
UK,SA10,"""SA10"","
UK,SA11,"""SA11"","
UK,SA12,"""SA12"","
UK,SA13,"""SA13"","
UK,SA14,"""SA14"","
UK,SA15,"""SA15"","
UK,SA16,"""SA16"","
UK,SA17,"""SA17"","
UK,SA18,"""SA18"","
UK,SA19,"""SA19"","
UK,SA2,"""SA2"","
UK,SA20,"""SA20"","
UK,SA3,"""SA3"","
UK,SA31,"""SA31"","
UK,SA32,"""SA32"","
UK,SA33,"""SA33"","
UK,SA34,"""SA34"","
UK,SA35,"""SA35"","
UK,SA36,"""SA36"","
UK,SA37,"""SA37"","
UK,SA38,"""SA38"","
UK,SA39,"""SA39"","
UK,SA4,"""SA4"","
UK,SA40,"""SA40"","
UK,SA41,"""SA41"","
UK,SA42,"""SA42"","
UK,SA43,"""SA43"","
UK,SA44,"""SA44"","
UK,SA45,"""SA45"","
UK,SA46,"""SA46"","
UK,SA47,"""SA47"","
UK,SA48,"""SA48"","
UK,SA5,"""SA5"","
UK,SA6,"""SA6"","
UK,SA61,"""SA61"","
UK,SA62,"""SA62"","
UK,SA63,"""SA63"","
UK,SA64,"""SA64"","
UK,SA65,"""SA65"","
UK,SA66,"""SA66"","
UK,SA67,"""SA67"","
UK,SA68,"""SA68"","
UK,SA69,"""SA69"","
UK,SA7,"""SA7"","
UK,SA70,"""SA70"","
UK,SA71,"""SA71"","
UK,SA72,"""SA72"","
UK,SA73,"""SA73"","
UK,SA8,"""SA8"","
UK,SA80,"""SA80"","
UK,SA9,"""SA9"","
UK,SA99,"""SA99"","
UK,SY1,"""SY1"","
UK,SY10,"""SY10"","
UK,SY11,"""SY11"","
UK,SY12,"""SY12"","
UK,SY13,"""SY13"","
UK,SY14,"""SY14"","
UK,SY15,"""SY15"","
UK,SY16,"""SY16"","
UK,SY17,"""SY17"","
UK,SY18,"""SY18"","
UK,SY19,"""SY19"","
UK,SY2,"""SY2"","
UK,SY20,"""SY20"","
UK,SY21,"""SY21"","
UK,SY22,"""SY22"","
UK,SY23,"""SY23"","
UK,SY24,"""SY24"","
UK,SY25,"""SY25"","
UK,SY3,"""SY3"","
UK,SY4,"""SY4"","
UK,SY5,"""SY5"","
UK,SY6,"""SY6"","
UK,SY7,"""SY7"","
UK,SY8,"""SY8"","
UK,SY9,"""SY9"","
UK,SY99,"""SY99"","
UK,PO7,"""PO7"","
UK,PO20,"""PO20"","
UK,PO8,"""PO8"","
UK,PO9,"""PO9"","
UK,RG1,"""RG1"","
UK,RG10,"""RG10"","
UK,RG12,"""RG12"","
UK,RG14,"""RG14"","
UK,RG17,"""RG17"","
UK,RG18,"""RG18"","
UK,RG19,"""RG19"","
UK,RG2,"""RG2"","
UK,RG20,"""RG20"","
UK,RG21,"""RG21"","
UK,RG22,"""RG22"","
UK,RG23,"""RG23"","
UK,RG24,"""RG24"","
UK,RG25,"""RG25"","
UK,RG26,"""RG26"","
UK,RG27,"""RG27"","
UK,RG28,"""RG28"","
UK,RG29,"""RG29"","
UK,RG30,"""RG30"","
UK,RG31,"""RG31"","
UK,RG4,"""RG4"","
UK,RG40,"""RG40"","
UK,RG41,"""RG41"","
UK,RG42,"""RG42"","
UK,RG45,"""RG45"","
UK,RG5,"""RG5"","
UK,RG6,"""RG6"","
UK,RG7,"""RG7"","
UK,RG8,"""RG8"","
UK,RG9,"""RG9"","
UK,RH1,"""RH1"","
UK,RH10,"""RH10"","
UK,RH11,"""RH11"","
UK,RH12,"""RH12"","
UK,RH13,"""RH13"","
UK,RH14,"""RH14"","
UK,RH15,"""RH15"","
UK,RH16,"""RH16"","
UK,RH17,"""RH17"","
UK,RH18,"""RH18"","
UK,RH19,"""RH19"","
UK,RH2,"""RH2"","
UK,RH20,"""RH20"","
UK,RH3,"""RH3"","
UK,RH4,"""RH4"","
UK,RH5,"""RH5"","
UK,RH6,"""RH6"","
UK,RH7,"""RH7"","
UK,RH77,"""RH77"","
UK,RH8,"""RH8"","
UK,RH9,"""RH9"","
UK,SL0,"""SL0"","
UK,SL1,"""SL1"","
UK,SL2,"""SL2"","
UK,SL3,"""SL3"","
UK,SL4,"""SL4"","
UK,SL5,"""SL5"","
UK,SL6,"""SL6"","
UK,SL60,"""SL60"","
UK,SL7,"""SL7"","
UK,SL8,"""SL8"","
UK,SL9,"""SL9"","
UK,SL95,"""SL95"","
UK,SO14,"""SO14"","
UK,SO15,"""SO15"","
UK,SO16,"""SO16"","
UK,SO17,"""SO17"","
UK,SO18,"""SO18"","
UK,SO19,"""SO19"","
UK,SO20,"""SO20"","
UK,SO21,"""SO21"","
UK,SO22,"""SO22"","
UK,SO23,"""SO23"","
UK,SO24,"""SO24"","
UK,SO30,"""SO30"","
UK,SO31,"""SO31"","
UK,SO32,"""SO32"","
UK,SO40,"""SO40"","
UK,SO41,"""SO41"","
UK,SO42,"""SO42"","
UK,SO43,"""SO43"","
UK,SO45,"""SO45"","
UK,SO50,"""SO50"","
UK,SO51,"""SO51"","
UK,SO52,"""SO52"","
UK,SO53,"""SO53"","
UK,SO97,"""SO97"","
UK,SS0,"""SS0"","
UK,SS1,"""SS1"","
UK,SS11,"""SS11"","
UK,SS12,"""SS12"","
UK,SS13,"""SS13"","
UK,SS14,"""SS14"","
UK,SS15,"""SS15"","
UK,SS16,"""SS16"","
UK,SS17,"""SS17"","
UK,SS2,"""SS2"","
UK,SS22,"""SS22"","
UK,SS3,"""SS3"","
UK,SS4,"""SS4"","
UK,SS5,"""SS5"","
UK,SS6,"""SS6"","
UK,SS7,"""SS7"","
UK,SS8,"""SS8"","
UK,SS9,"""SS9"","
UK,SS99,"""SS99"","
UK,AL1,"""AL1"","
UK,AL10,"""AL10"","
UK,AL2,"""AL2"","
UK,AL3,"""AL3"","
UK,AL4,"""AL4"","
UK,AL5,"""AL5"","
UK,AL6,"""AL6"","
UK,AL7,"""AL7"","
UK,AL8,"""AL8"","
UK,AL9,"""AL9"","
UK,SG1,"""SG1"","
UK,SG10,"""SG10"","
UK,SG11,"""SG11"","
UK,SG12,"""SG12"","
UK,SG13,"""SG13"","
UK,SG14,"""SG14"","
UK,SG15,"""SG15"","
UK,SG16,"""SG16"","
UK,SG17,"""SG17"","
UK,SG18,"""SG18"","
UK,SG19,"""SG19"","
UK,SG2,"""SG2"","
UK,SG3,"""SG3"","
UK,SG4,"""SG4"","
UK,SG5,"""SG5"","
UK,SG6,"""SG6"","
UK,SG7,"""SG7"","
UK,SG8,"""SG8"","
UK,SG9,"""SG9"","
UK,TN1,"""TN1"","
UK,TN10,"""TN10"","
UK,TN11,"""TN11"","
UK,TN12,"""TN12"","
UK,TN13,"""TN13"","
UK,TN14,"""TN14"","
UK,TN15,"""TN15"","
UK,TN16,"""TN16"","
UK,TN17,"""TN17"","
UK,TN18,"""TN18"","
UK,TN19,"""TN19"","
UK,TN2,"""TN2"","
UK,TN20,"""TN20"","
UK,TN21,"""TN21"","
UK,TN22,"""TN22"","
UK,TN23,"""TN23"","
UK,TN24,"""TN24"","
UK,TN25,"""TN25"","
UK,TN26,"""TN26"","
UK,TN27,"""TN27"","
UK,TN28,"""TN28"","
UK,TN29,"""TN29"","
UK,TN3,"""TN3"","
UK,TN30,"""TN30"","
UK,TN31,"""TN31"","
UK,TN32,"""TN32"","
UK,TN33,"""TN33"","
UK,TN34,"""TN34"","
UK,TN35,"""TN35"","
UK,TN36,"""TN36"","
UK,TN37,"""TN37"","
UK,TN38,"""TN38"","
UK,TN39,"""TN39"","
UK,TN4,"""TN4"","
UK,TN40,"""TN40"","
UK,TN5,"""TN5"","
UK,TN6,"""TN6"","
UK,TN7,"""TN7"","
UK,TN8,"""TN8"","
UK,TN9,"""TN9"","
UK,PO6,"""PO6"","
UK,PO2,"""PO2"","
UK,B1,"""B1"","
UK,B10,"""B10"","
UK,B11,"""B11"","
UK,B12,"""B12"","
UK,B13,"""B13"","
UK,B14,"""B14"","
UK,B15,"""B15"","
UK,B16,"""B16"","
UK,B17,"""B17"","
UK,B18,"""B18"","
UK,B19,"""B19"","
UK,B2,"""B2"","
UK,B20,"""B20"","
UK,B21,"""B21"","
UK,B22,"""B22"","
UK,B23,"""B23"","
UK,B24,"""B24"","
UK,B25,"""B25"","
UK,B26,"""B26"","
UK,B27,"""B27"","
UK,B28,"""B28"","
UK,B29,"""B29"","
UK,B3,"""B3"","
UK,B30,"""B30"","
UK,B31,"""B31"","
UK,B32,"""B32"","
UK,B33,"""B33"","
UK,B34,"""B34"","
UK,B35,"""B35"","
UK,B36,"""B36"","
UK,B37,"""B37"","
UK,B38,"""B38"","
UK,B4,"""B4"","
UK,B40,"""B40"","
UK,B42,"""B42"","
UK,B43,"""B43"","
UK,B44,"""B44"","
UK,B45,"""B45"","
UK,B46,"""B46"","
UK,B47,"""B47"","
UK,B48,"""B48"","
UK,B49,"""B49"","
UK,B5,"""B5"","
UK,B50,"""B50"","
UK,B6,"""B6"","
UK,B60,"""B60"","
UK,B61,"""B61"","
UK,B62,"""B62"","
UK,B63,"""B63"","
UK,B64,"""B64"","
UK,B65,"""B65"","
UK,B66,"""B66"","
UK,B67,"""B67"","
UK,B68,"""B68"","
UK,B69,"""B69"","
UK,B7,"""B7"","
UK,B70,"""B70"","
UK,B71,"""B71"","
UK,B72,"""B72"","
UK,B73,"""B73"","
UK,B74,"""B74"","
UK,B75,"""B75"","
UK,B76,"""B76"","
UK,B77,"""B77"","
UK,B78,"""B78"","
UK,B79,"""B79"","
UK,B8,"""B8"","
UK,B80,"""B80"","
UK,B9,"""B9"","
UK,B90,"""B90"","
UK,B91,"""B91"","
UK,B92,"""B92"","
UK,B93,"""B93"","
UK,B94,"""B94"","
UK,B95,"""B95"","
UK,B96,"""B96"","
UK,B97,"""B97"","
UK,B98,"""B98"","
UK,B99,"""B99"","
UK,CV1,"""CV1"","
UK,CV10,"""CV10"","
UK,CV11,"""CV11"","
UK,CV12,"""CV12"","
UK,CV13,"""CV13"","
UK,CV2,"""CV2"","
UK,CV21,"""CV21"","
UK,CV22,"""CV22"","
UK,CV23,"""CV23"","
UK,CV3,"""CV3"","
UK,CV31,"""CV31"","
UK,CV32,"""CV32"","
UK,CV33,"""CV33"","
UK,CV34,"""CV34"","
UK,CV35,"""CV35"","
UK,CV36,"""CV36"","
UK,CV37,"""CV37"","
UK,CV4,"""CV4"","
UK,CV47,"""CV47"","
UK,CV5,"""CV5"","
UK,CV6,"""CV6"","
UK,CV7,"""CV7"","
UK,CV8,"""CV8"","
UK,CV9,"""CV9"","
UK,DY1,"""DY1"","
UK,DY10,"""DY10"","
UK,DY11,"""DY11"","
UK,DY12,"""DY12"","
UK,DY13,"""DY13"","
UK,DY14,"""DY14"","
UK,DY2,"""DY2"","
UK,DY3,"""DY3"","
UK,DY4,"""DY4"","
UK,DY5,"""DY5"","
UK,DY6,"""DY6"","
UK,DY7,"""DY7"","
UK,DY8,"""DY8"","
UK,DY9,"""DY9"","
UK,HR1,"""HR1"","
UK,HR2,"""HR2"","
UK,HR3,"""HR3"","
UK,HR4,"""HR4"","
UK,HR5,"""HR5"","
UK,HR6,"""HR6"","
UK,HR7,"""HR7"","
UK,HR8,"""HR8"","
UK,HR9,"""HR9"","
UK,NN1,"""NN1"","
UK,NN10,"""NN10"","
UK,NN11,"""NN11"","
UK,NN12,"""NN12"","
UK,NN13,"""NN13"","
UK,NN14,"""NN14"","
UK,NN15,"""NN15"","
UK,NN16,"""NN16"","
UK,NN17,"""NN17"","
UK,NN18,"""NN18"","
UK,NN2,"""NN2"","
UK,NN29,"""NN29"","
UK,NN3,"""NN3"","
UK,NN4,"""NN4"","
UK,NN5,"""NN5"","
UK,NN6,"""NN6"","
UK,NN7,"""NN7"","
UK,NN8,"""NN8"","
UK,NN9,"""NN9"","
UK,ST1,"""ST1"","
UK,ST10,"""ST10"","
UK,ST11,"""ST11"","
UK,ST12,"""ST12"","
UK,ST13,"""ST13"","
UK,ST14,"""ST14"","
UK,ST15,"""ST15"","
UK,ST16,"""ST16"","
UK,ST17,"""ST17"","
UK,ST18,"""ST18"","
UK,ST19,"""ST19"","
UK,ST2,"""ST2"","
UK,ST20,"""ST20"","
UK,ST21,"""ST21"","
UK,ST3,"""ST3"","
UK,ST4,"""ST4"","
UK,ST5,"""ST5"","
UK,ST55,"""ST55"","
UK,ST6,"""ST6"","
UK,ST7,"""ST7"","
UK,ST8,"""ST8"","
UK,ST9,"""ST9"","
UK,TF1,"""TF1"","
UK,TF10,"""TF10"","
UK,TF11,"""TF11"","
UK,TF12,"""TF12"","
UK,TF13,"""TF13"","
UK,TF2,"""TF2"","
UK,TF3,"""TF3"","
UK,TF4,"""TF4"","
UK,TF5,"""TF5"","
UK,TF6,"""TF6"","
UK,TF7,"""TF7"","
UK,TF8,"""TF8"","
UK,TF9,"""TF9"","
UK,WR1,"""WR1"","
UK,WR10,"""WR10"","
UK,WR11,"""WR11"","
UK,WR12,"""WR12"","
UK,WR13,"""WR13"","
UK,WR14,"""WR14"","
UK,WR15,"""WR15"","
UK,WR2,"""WR2"","
UK,WR3,"""WR3"","
UK,WR4,"""WR4"","
UK,WR5,"""WR5"","
UK,WR6,"""WR6"","
UK,WR7,"""WR7"","
UK,WR78,"""WR78"","
UK,WR8,"""WR8"","
UK,WR9,"""WR9"","
UK,WR99,"""WR99"","
UK,WS1,"""WS1"","
UK,WS10,"""WS10"","
UK,WS11,"""WS11"","
UK,WS12,"""WS12"","
UK,WS13,"""WS13"","
UK,WS14,"""WS14"","
UK,WS15,"""WS15"","
UK,WS2,"""WS2"","
UK,WS3,"""WS3"","
UK,WS4,"""WS4"","
UK,WS5,"""WS5"","
UK,WS6,"""WS6"","
UK,WS7,"""WS7"","
UK,WS8,"""WS8"","
UK,WS9,"""WS9"","
UK,WV1,"""WV1"","
UK,WV10,"""WV10"","
UK,WV11,"""WV11"","
UK,WV12,"""WV12"","
UK,WV13,"""WV13"","
UK,WV14,"""WV14"","
UK,WV15,"""WV15"","
UK,WV16,"""WV16"","
UK,WV2,"""WV2"","
UK,WV3,"""WV3"","
UK,WV4,"""WV4"","
UK,WV5,"""WV5"","
UK,WV6,"""WV6"","
UK,WV7,"""WV7"","
UK,WV8,"""WV8"","
UK,WV9,"""WV9"","
UK,PO21,"""PO21"","
UK,PO22,"""PO22"","
UK,PO3,"""PO3"","
UK,CB1,"""CB1"","
UK,CB10,"""CB10"","
UK,CB11,"""CB11"","
UK,CB2,"""CB2"","
UK,CB21,"""CB21"","
UK,CB22,"""CB22"","
UK,CB23,"""CB23"","
UK,CB24,"""CB24"","
UK,CB25,"""CB25"","
UK,CB3,"""CB3"","
UK,CB4,"""CB4"","
UK,CB5,"""CB5"","
UK,CB6,"""CB6"","
UK,CB7,"""CB7"","
UK,CB8,"""CB8"","
UK,CB9,"""CB9"","
UK,CO1,"""CO1"","
UK,CO10,"""CO10"","
UK,CO11,"""CO11"","
UK,CO12,"""CO12"","
UK,CO13,"""CO13"","
UK,CO14,"""CO14"","
UK,CO15,"""CO15"","
UK,CO16,"""CO16"","
UK,CO2,"""CO2"","
UK,CO3,"""CO3"","
UK,CO4,"""CO4"","
UK,CO5,"""CO5"","
UK,CO6,"""CO6"","
UK,CO7,"""CO7"","
UK,CO8,"""CO8"","
UK,CO9,"""CO9"","
UK,DE1,"""DE1"","
UK,DE11,"""DE11"","
UK,DE12,"""DE12"","
UK,DE13,"""DE13"","
UK,DE14,"""DE14"","
UK,DE15,"""DE15"","
UK,DE21,"""DE21"","
UK,DE22,"""DE22"","
UK,DE23,"""DE23"","
UK,DE24,"""DE24"","
UK,DE3,"""DE3"","
UK,DE4,"""DE4"","
UK,DE45,"""DE45"","
UK,DE5,"""DE5"","
UK,DE55,"""DE55"","
UK,DE56,"""DE56"","
UK,DE6,"""DE6"","
UK,DE65,"""DE65"","
UK,DE7,"""DE7"","
UK,DE72,"""DE72"","
UK,DE73,"""DE73"","
UK,DE74,"""DE74"","
UK,DE75,"""DE75"","
UK,DE99,"""DE99"","
UK,DN1,"""DN1"","
UK,DN10,"""DN10"","
UK,DN11,"""DN11"","
UK,DN12,"""DN12"","
UK,DN14,"""DN14"","
UK,DN15,"""DN15"","
UK,DN16,"""DN16"","
UK,DN17,"""DN17"","
UK,DN18,"""DN18"","
UK,DN19,"""DN19"","
UK,DN2,"""DN2"","
UK,DN20,"""DN20"","
UK,DN21,"""DN21"","
UK,DN22,"""DN22"","
UK,DN3,"""DN3"","
UK,DN31,"""DN31"","
UK,DN32,"""DN32"","
UK,DN33,"""DN33"","
UK,DN34,"""DN34"","
UK,DN35,"""DN35"","
UK,DN36,"""DN36"","
UK,DN37,"""DN37"","
UK,DN38,"""DN38"","
UK,DN39,"""DN39"","
UK,DN4,"""DN4"","
UK,DN40,"""DN40"","
UK,DN41,"""DN41"","
UK,DN5,"""DN5"","
UK,DN55,"""DN55"","
UK,DN6,"""DN6"","
UK,DN7,"""DN7"","
UK,DN8,"""DN8"","
UK,DN9,"""DN9"","
UK,IP1,"""IP1"","
UK,IP10,"""IP10"","
UK,IP11,"""IP11"","
UK,IP12,"""IP12"","
UK,IP13,"""IP13"","
UK,IP14,"""IP14"","
UK,IP15,"""IP15"","
UK,IP16,"""IP16"","
UK,IP17,"""IP17"","
UK,IP18,"""IP18"","
UK,IP19,"""IP19"","
UK,IP2,"""IP2"","
UK,IP20,"""IP20"","
UK,IP21,"""IP21"","
UK,IP22,"""IP22"","
UK,IP23,"""IP23"","
UK,IP24,"""IP24"","
UK,IP25,"""IP25"","
UK,IP26,"""IP26"","
UK,IP27,"""IP27"","
UK,IP28,"""IP28"","
UK,IP29,"""IP29"","
UK,IP3,"""IP3"","
UK,IP30,"""IP30"","
UK,IP31,"""IP31"","
UK,IP32,"""IP32"","
UK,IP33,"""IP33"","
UK,IP4,"""IP4"","
UK,IP5,"""IP5"","
UK,IP6,"""IP6"","
UK,IP7,"""IP7"","
UK,IP8,"""IP8"","
UK,IP9,"""IP9"","
UK,IP98,"""IP98"","
UK,LE1,"""LE1"","
UK,LE10,"""LE10"","
UK,LE11,"""LE11"","
UK,LE12,"""LE12"","
UK,LE13,"""LE13"","
UK,LE14,"""LE14"","
UK,LE15,"""LE15"","
UK,LE16,"""LE16"","
UK,LE17,"""LE17"","
UK,LE18,"""LE18"","
UK,LE19,"""LE19"","
UK,LE2,"""LE2"","
UK,LE21,"""LE21"","
UK,LE3,"""LE3"","
UK,LE4,"""LE4"","
UK,LE41,"""LE41"","
UK,LE5,"""LE5"","
UK,LE55,"""LE55"","
UK,LE6,"""LE6"","
UK,LE65,"""LE65"","
UK,LE67,"""LE67"","
UK,LE7,"""LE7"","
UK,LE8,"""LE8"","
UK,LE87,"""LE87"","
UK,LE9,"""LE9"","
UK,LE94,"""LE94"","
UK,LE95,"""LE95"","
UK,LN1,"""LN1"","
UK,LN10,"""LN10"","
UK,LN11,"""LN11"","
UK,LN12,"""LN12"","
UK,LN13,"""LN13"","
UK,LN2,"""LN2"","
UK,LN3,"""LN3"","
UK,LN4,"""LN4"","
UK,LN5,"""LN5"","
UK,LN6,"""LN6"","
UK,LN7,"""LN7"","
UK,LN8,"""LN8"","
UK,LN9,"""LN9"","
UK,NG1,"""NG1"","
UK,NG10,"""NG10"","
UK,NG11,"""NG11"","
UK,NG12,"""NG12"","
UK,NG13,"""NG13"","
UK,NG14,"""NG14"","
UK,NG15,"""NG15"","
UK,NG16,"""NG16"","
UK,NG17,"""NG17"","
UK,NG18,"""NG18"","
UK,NG19,"""NG19"","
UK,NG2,"""NG2"","
UK,NG20,"""NG20"","
UK,NG21,"""NG21"","
UK,NG22,"""NG22"","
UK,NG23,"""NG23"","
UK,NG24,"""NG24"","
UK,NG25,"""NG25"","
UK,NG3,"""NG3"","
UK,NG31,"""NG31"","
UK,NG32,"""NG32"","
UK,NG33,"""NG33"","
UK,NG34,"""NG34"","
UK,NG4,"""NG4"","
UK,NG5,"""NG5"","
UK,NG6,"""NG6"","
UK,NG7,"""NG7"","
UK,NG70,"""NG70"","
UK,NG8,"""NG8"","
UK,NG80,"""NG80"","
UK,NG9,"""NG9"","
UK,NG90,"""NG90"","
UK,NR1,"""NR1"","
UK,NR10,"""NR10"","
UK,NR11,"""NR11"","
UK,NR12,"""NR12"","
UK,NR13,"""NR13"","
UK,NR14,"""NR14"","
UK,NR15,"""NR15"","
UK,NR16,"""NR16"","
UK,NR17,"""NR17"","
UK,NR18,"""NR18"","
UK,NR19,"""NR19"","
UK,NR2,"""NR2"","
UK,NR20,"""NR20"","
UK,NR21,"""NR21"","
UK,NR22,"""NR22"","
UK,NR23,"""NR23"","
UK,NR24,"""NR24"","
UK,NR25,"""NR25"","
UK,NR26,"""NR26"","
UK,NR27,"""NR27"","
UK,NR28,"""NR28"","
UK,NR29,"""NR29"","
UK,NR3,"""NR3"","
UK,NR30,"""NR30"","
UK,NR31,"""NR31"","
UK,NR32,"""NR32"","
UK,NR33,"""NR33"","
UK,NR34,"""NR34"","
UK,NR35,"""NR35"","
UK,NR4,"""NR4"","
UK,NR5,"""NR5"","
UK,NR6,"""NR6"","
UK,NR7,"""NR7"","
UK,NR8,"""NR8"","
UK,NR9,"""NR9"","
UK,NR99,"""NR99"","
UK,PE1,"""PE1"","
UK,PE10,"""PE10"","
UK,PE11,"""PE11"","
UK,PE12,"""PE12"","
UK,PE13,"""PE13"","
UK,PE14,"""PE14"","
UK,PE15,"""PE15"","
UK,PE16,"""PE16"","
UK,PE19,"""PE19"","
UK,PE2,"""PE2"","
UK,PE20,"""PE20"","
UK,PE21,"""PE21"","
UK,PE22,"""PE22"","
UK,PE23,"""PE23"","
UK,PE24,"""PE24"","
UK,PE25,"""PE25"","
UK,PE26,"""PE26"","
UK,PE27,"""PE27"","
UK,PE28,"""PE28"","
UK,PE29,"""PE29"","
UK,PE3,"""PE3"","
UK,PE30,"""PE30"","
UK,PE31,"""PE31"","
UK,PE32,"""PE32"","
UK,PE33,"""PE33"","
UK,PE34,"""PE34"","
UK,PE35,"""PE35"","
UK,PE36,"""PE36"","
UK,PE37,"""PE37"","
UK,PE38,"""PE38"","
UK,PE4,"""PE4"","
UK,PE5,"""PE5"","
UK,PE6,"""PE6"","
UK,PE7,"""PE7"","
UK,PE8,"""PE8"","
UK,PE9,"""PE9"","
UK,PE99,"""PE99"","
UK,S1,"""S1"","
UK,S10,"""S10"","
UK,S11,"""S11"","
UK,S12,"""S12"","
UK,S13,"""S13"","
UK,S14,"""S14"","
UK,S17,"""S17"","
UK,S18,"""S18"","
UK,S2,"""S2"","
UK,S20,"""S20"","
UK,S21,"""S21"","
UK,S25,"""S25"","
UK,S26,"""S26"","
UK,S3,"""S3"","
UK,S32,"""S32"","
UK,S33,"""S33"","
UK,S35,"""S35"","
UK,S36,"""S36"","
UK,S4,"""S4"","
UK,S40,"""S40"","
UK,S41,"""S41"","
UK,S42,"""S42"","
UK,S43,"""S43"","
UK,S44,"""S44"","
UK,S45,"""S45"","
UK,S49,"""S49"","
UK,S5,"""S5"","
UK,S6,"""S6"","
UK,S60,"""S60"","
UK,S61,"""S61"","
UK,S62,"""S62"","
UK,S63,"""S63"","
UK,S64,"""S64"","
UK,S65,"""S65"","
UK,S66,"""S66"","
UK,S7,"""S7"","
UK,S70,"""S70"","
UK,S71,"""S71"","
UK,S72,"""S72"","
UK,S73,"""S73"","
UK,S74,"""S74"","
UK,S75,"""S75"","
UK,S8,"""S8"","
UK,S80,"""S80"","
UK,S81,"""S81"","
UK,S9,"""S9"","
UK,S96,"""S96"","
UK,S97,"""S97"","
UK,S98,"""S98"","
UK,S99,"""S99"","
UK,BR1,"""BR1"","
UK,BR2,"""BR2"","
UK,BR3,"""BR3"","
UK,BR4,"""BR4"","
UK,BR5,"""BR5"","
UK,BR6,"""BR6"","
UK,BR7,"""BR7"","
UK,BR8,"""BR8"","
UK,CR0,"""CR0"","
UK,CR2,"""CR2"","
UK,CR3,"""CR3"","
UK,CR4,"""CR4"","
UK,CR44,"""CR44"","
UK,CR5,"""CR5"","
UK,CR6,"""CR6"","
UK,CR7,"""CR7"","
UK,CR8,"""CR8"","
UK,CR9,"""CR9"","
UK,CR90,"""CR90"","
UK,DA1,"""DA1"","
UK,DA10,"""DA10"","
UK,DA11,"""DA11"","
UK,DA12,"""DA12"","
UK,DA13,"""DA13"","
UK,DA14,"""DA14"","
UK,DA15,"""DA15"","
UK,DA16,"""DA16"","
UK,DA17,"""DA17"","
UK,DA18,"""DA18"","
UK,DA2,"""DA2"","
UK,DA3,"""DA3"","
UK,DA4,"""DA4"","
UK,DA5,"""DA5"","
UK,DA6,"""DA6"","
UK,DA7,"""DA7"","
UK,DA8,"""DA8"","
UK,DA9,"""DA9"","
UK,EN1,"""EN1"","
UK,EN10,"""EN10"","
UK,EN11,"""EN11"","
UK,EN2,"""EN2"","
UK,EN3,"""EN3"","
UK,EN4,"""EN4"","
UK,EN5,"""EN5"","
UK,EN6,"""EN6"","
UK,EN7,"""EN7"","
UK,EN8,"""EN8"","
UK,EN9,"""EN9"","
UK,PO4,"""PO4"","
UK,HA0,"""HA0"","
UK,HA1,"""HA1"","
UK,HA2,"""HA2"","
UK,HA3,"""HA3"","
UK,HA4,"""HA4"","
UK,HA5,"""HA5"","
UK,HA6,"""HA6"","
UK,HA7,"""HA7"","
UK,HA8,"""HA8"","
UK,HA9,"""HA9"","
UK,IG1,"""IG1"","
UK,IG10,"""IG10"","
UK,IG11,"""IG11"","
UK,IG2,"""IG2"","
UK,IG3,"""IG3"","
UK,IG4,"""IG4"","
UK,IG5,"""IG5"","
UK,IG6,"""IG6"","
UK,IG7,"""IG7"","
UK,IG8,"""IG8"","
UK,IG9,"""IG9"","